{
  "hidden_units": [64],
  "epochs": 39,
  "batch_size": 32,
  "learning_rate": 0.0007597392269837131,
  "dropout": 0.1207472651192055,
  "random_state": 42
}
